Customer_ID,Age,Gender,Annual_Income,Customer_Segment,Previous_Purchases,Website_Visits,Pages_Viewed,Time_on_Website_Min,Emails_Opened,Cart_Additions,Days_Since_Last_Purchase,Purchase
C001,19.0,Female,112737.0,Regular,2.0,4.0,6.0,14.1,4.0,5.0,66.0,0
C002,24.0,Male,45636.0,Regular,3.0,12.0,9.0,17.0,2.0,2.0,56.0,0
C003,44.0,Male,84833.0,Regular,2.0,12.0,4.0,15.7,5.0,2.0,173.0,0
C004,31.0,Male,138787.0,Regular,6.0,12.0,6.0,16.7,3.0,1.0,52.0,1
C005,31.0,Male,38301.0,Loyal,7.0,7.0,6.0,16.5,5.0,2.0,64.0,0
C006,,Male,72979.0,Regular,5.0,9.0,7.0,23.5,3.0,1.0,165.0,0
C007,46.0,Male,68643.0,Loyal,7.0,12.0,9.0,10.7,7.0,2.0,175.0,0
C008,23.0,Male,74380.0,Loyal,10.0,9.0,5.0,4.5,2.0,2.0,27.0,1
C009,30.0,Male,20329.0,Loyal,10.0,8.0,7.0,8.9,6.0,1.0,148.0,1
C010,46.0,Male,112028.0,Regular,3.0,6.0,5.0,11.9,4.0,0.0,54.0,0
C011,20.0,Female,88159.0,Loyal,10.0,12.0,9.0,10.6,3.0,5.0,143.0,0
C012,31.0,Female,58341.0,Loyal,5.0,17.0,5.0,19.1,5.0,4.0,162.0,0
C013,45.0,Female,143457.0,Regular,6.0,10.0,4.0,11.7,3.0,2.0,135.0,0
C014,50.0,Male,121583.0,Loyal,10.0,9.0,2.0,2.8,5.0,2.0,45.0,1
C015,25.0,Female,31562.0,New,2.0,7.0,2.0,10.5,3.0,1.0,173.0,0
C016,50.0,Male,115508.0,Regular,4.0,8.0,7.0,9.4,2.0,1.0,164.0,1
C017,25.0,Female,24091.0,Regular,4.0,17.0,10.0,12.4,3.0,4.0,49.0,0
C018,38.0,Male,50440.0,New,3.0,11.0,10.0,12.4,1.0,1.0,43.0,0
C019,51.0,Female,38172.0,Regular,7.0,13.0,7.0,6.7,2.0,0.0,132.0,0
C020,56.0,Male,81082.0,New,1.0,11.0,4.0,7.8,0.0,2.0,42.0,0
C021,43.0,Male,127737.0,New,3.0,11.0,3.0,16.5,2.0,0.0,3.0,1
C022,22.0,Male,55267.0,Regular,4.0,16.0,4.0,7.1,3.0,2.0,142.0,0
C023,35.0,Female,121767.0,Regular,3.0,14.0,4.0,6.4,7.0,2.0,90.0,1
C024,27.0,,128247.0,Regular,4.0,15.0,2.0,5.7,4.0,0.0,122.0,0
C025,33.0,Female,69120.0,Regular,3.0,15.0,7.0,5.5,4.0,3.0,95.0,1
C026,47.0,Male,27936.0,Regular,0.0,15.0,5.0,5.9,6.0,3.0,80.0,0
C027,38.0,Male,54338.0,Regular,4.0,12.0,4.0,7.0,2.0,3.0,96.0,1
C028,59.0,Male,117133.0,Regular,7.0,13.0,6.0,16.1,1.0,3.0,26.0,1
C029,49.0,Female,23327.0,Regular,3.0,12.0,6.0,14.4,5.0,2.0,93.0,0
C030,47.0,Female,25696.0,Regular,3.0,7.0,10.0,6.4,4.0,2.0,94.0,0
C031,24.0,Female,106440.0,Regular,2.0,9.0,3.0,15.7,4.0,4.0,11.0,1
C032,58.0,Female,,Regular,4.0,9.0,3.0,2.6,7.0,1.0,157.0,0
C033,18.0,Female,37094.0,Loyal,3.0,10.0,7.0,16.6,12.0,4.0,53.0,0
C034,33.0,Male,34967.0,Regular,3.0,14.0,7.0,15.4,2.0,2.0,33.0,1
C035,21.0,Female,68667.0,Regular,2.0,9.0,7.0,10.3,4.0,2.0,82.0,0
C036,54.0,Female,111080.0,Regular,5.0,10.0,2.0,8.2,2.0,2.0,20.0,0
C037,51.0,Male,115192.0,Regular,8.0,6.0,9.0,7.9,1.0,2.0,124.0,0
C038,55.0,Male,116659.0,New,1.0,8.0,8.0,20.9,2.0,3.0,126.0,0
C039,27.0,Male,49381.0,Loyal,4.0,10.0,7.0,11.1,6.0,4.0,116.0,0
C040,42.0,Female,122002.0,Regular,5.0,9.0,4.0,18.0,3.0,3.0,5.0,0
C041,37.0,Female,70048.0,New,4.0,9.0,3.0,4.0,2.0,0.0,157.0,0
C042,52.0,Female,24548.0,Regular,2.0,9.0,4.0,7.9,3.0,3.0,97.0,0
C043,53.0,Female,82293.0,Regular,4.0,10.0,8.0,6.8,2.0,1.0,135.0,1
C044,42.0,Female,79627.0,Regular,5.0,13.0,9.0,10.1,5.0,2.0,56.0,0
C045,49.0,Female,83041.0,Loyal,6.0,15.0,6.0,10.6,5.0,3.0,117.0,1
C046,21.0,Female,23332.0,Regular,6.0,16.0,6.0,11.2,3.0,2.0,51.0,0
C047,27.0,Male,95241.0,Regular,4.0,11.0,9.0,7.1,4.0,5.0,15.0,1
C048,56.0,Male,47711.0,,3.0,14.0,7.0,8.5,2.0,3.0,27.0,1
C049,50.0,Male,117218.0,Loyal,3.0,8.0,7.0,11.2,7.0,4.0,153.0,0
C050,55.0,Male,39925.0,Regular,6.0,9.0,7.0,12.6,2.0,5.0,26.0,1
C051,40.0,Female,121594.0,Regular,5.0,6.0,8.0,23.0,4.0,0.0,164.0,0
C052,42.0,Female,88208.0,Regular,10.0,11.0,5.0,16.9,2.0,0.0,172.0,1
C053,33.0,Female,29248.0,Regular,5.0,13.0,3.0,12.5,5.0,0.0,50.0,0
C054,29.0,Male,144331.0,Loyal,6.0,6.0,6.0,14.9,7.0,1.0,72.0,0
C055,29.0,Female,36229.0,Regular,1.0,18.0,7.0,17.7,4.0,2.0,161.0,0
C056,47.0,Female,29332.0,Regular,5.0,12.0,7.0,14.6,2.0,1.0,103.0,0
C057,30.0,Female,22559.0,Regular,,9.0,6.0,11.8,4.0,1.0,5.0,0
C058,32.0,Male,96645.0,Regular,4.0,8.0,7.0,4.1,3.0,1.0,32.0,1
C059,25.0,Female,47225.0,Regular,6.0,16.0,8.0,12.9,2.0,2.0,164.0,1
C060,50.0,Female,85463.0,Regular,10.0,9.0,5.0,6.8,1.0,1.0,22.0,1
C061,25.0,Male,125252.0,Regular,4.0,8.0,8.0,4.6,2.0,2.0,70.0,0
C062,20.0,Male,20261.0,Regular,2.0,9.0,6.0,15.4,3.0,2.0,27.0,0
C063,38.0,Male,58624.0,Loyal,8.0,13.0,6.0,14.1,6.0,3.0,43.0,1
C064,54.0,Female,149124.0,Regular,3.0,9.0,7.0,18.1,5.0,2.0,91.0,1
C065,50.0,Female,83807.0,Regular,2.0,12.0,5.0,10.1,6.0,1.0,178.0,0
C066,38.0,Male,102698.0,Loyal,10.0,6.0,4.0,19.4,8.0,4.0,107.0,1
C067,51.0,Male,35463.0,Regular,1.0,7.0,4.0,20.3,4.0,3.0,169.0,0
C068,20.0,Male,82805.0,Regular,5.0,7.0,8.0,20.4,4.0,4.0,29.0,1
C069,33.0,Male,145169.0,Regular,5.0,5.0,4.0,10.6,6.0,1.0,126.0,0
C070,18.0,Male,28913.0,Regular,7.0,,6.0,13.8,1.0,1.0,117.0,1
C071,32.0,Male,106191.0,Regular,4.0,6.0,8.0,20.9,8.0,1.0,34.0,1
C072,51.0,Female,28161.0,Regular,7.0,21.0,11.0,11.3,3.0,2.0,55.0,1
C073,32.0,Female,81098.0,Loyal,5.0,18.0,7.0,10.8,9.0,2.0,77.0,1
C074,48.0,Male,84395.0,Regular,1.0,5.0,4.0,10.3,5.0,2.0,21.0,0
C075,50.0,Male,98416.0,Regular,6.0,6.0,8.0,16.6,5.0,2.0,166.0,1
C076,21.0,Female,55707.0,Regular,5.0,9.0,4.0,14.4,3.0,3.0,86.0,0
C077,37.0,Female,47891.0,Regular,8.0,11.0,5.0,11.1,1.0,0.0,21.0,0
C078,20.0,Male,54091.0,Regular,9.0,11.0,6.0,13.5,1.0,2.0,162.0,0
C079,43.0,Female,62973.0,Regular,1.0,6.0,,6.1,6.0,4.0,45.0,1
C080,23.0,Female,95519.0,Regular,3.0,14.0,8.0,10.1,7.0,2.0,122.0,0
C081,55.0,Male,84198.0,Loyal,6.0,14.0,7.0,11.8,4.0,5.0,156.0,0
C082,32.0,Female,88538.0,Regular,6.0,10.0,3.0,7.8,2.0,1.0,55.0,0
C083,57.0,Female,43372.0,Regular,2.0,6.0,4.0,9.5,5.0,0.0,82.0,0
C084,41.0,Female,101320.0,Regular,3.0,9.0,5.0,24.5,4.0,3.0,35.0,1
C085,21.0,Female,147517.0,New,2.0,13.0,5.0,10.9,1.0,1.0,116.0,0
C086,39.0,Male,83748.0,New,4.0,7.0,11.0,13.8,1.0,1.0,82.0,1
C087,51.0,Male,142461.0,Loyal,8.0,10.0,9.0,11.5,7.0,1.0,94.0,0
C088,,Male,83182.0,Regular,7.0,7.0,6.0,16.1,2.0,2.0,89.0,0
C089,47.0,Female,77320.0,Regular,5.0,8.0,3.0,3.5,5.0,1.0,150.0,0
C090,35.0,Female,86830.0,Regular,7.0,10.0,5.0,9.8,4.0,0.0,175.0,0
C091,52.0,Female,73216.0,Loyal,7.0,11.0,6.0,6.8,2.0,5.0,82.0,0
C092,31.0,Male,147342.0,Regular,2.0,14.0,10.0,15.2,3.0,2.0,156.0,1
C093,40.0,Female,126034.0,Regular,4.0,7.0,7.0,,6.0,2.0,91.0,0
C094,39.0,Female,143638.0,Regular,7.0,15.0,7.0,10.3,4.0,2.0,128.0,1
C095,53.0,Female,70460.0,Regular,3.0,7.0,6.0,10.3,6.0,3.0,14.0,0
C096,37.0,Male,43674.0,Loyal,6.0,9.0,7.0,8.6,1.0,9.0,18.0,0
C097,26.0,Male,141016.0,Loyal,10.0,10.0,9.0,12.9,5.0,1.0,166.0,0
C098,53.0,Male,37527.0,Regular,3.0,9.0,5.0,12.7,3.0,2.0,32.0,0
C099,51.0,Female,28268.0,Regular,3.0,11.0,7.0,13.8,9.0,1.0,112.0,1
C100,32.0,Female,138884.0,Loyal,5.0,10.0,5.0,18.5,10.0,0.0,175.0,0
C101,49.0,Female,121507.0,Regular,7.0,10.0,8.0,1.0,4.0,1.0,160.0,0
C102,22.0,Male,108000.0,Regular,3.0,9.0,9.0,10.1,6.0,2.0,39.0,1
C103,56.0,Female,43311.0,Regular,7.0,11.0,9.0,5.6,2.0,1.0,2.0,0
C104,46.0,Female,131925.0,Regular,4.0,3.0,8.0,7.8,2.0,1.0,105.0,1
C105,40.0,Male,126689.0,Loyal,8.0,12.0,7.0,16.4,4.0,2.0,57.0,0
C106,52.0,Male,115774.0,Regular,7.0,4.0,4.0,19.9,4.0,1.0,83.0,0
C107,18.0,Male,89396.0,Regular,6.0,9.0,7.0,20.2,5.0,0.0,85.0,0
C108,50.0,Male,104699.0,Regular,3.0,12.0,5.0,4.7,6.0,3.0,130.0,1
C109,26.0,Male,48007.0,Regular,3.0,15.0,6.0,16.0,7.0,3.0,169.0,0
C110,34.0,Male,69016.0,Regular,5.0,17.0,9.0,18.1,3.0,1.0,170.0,0
C111,43.0,Male,131921.0,Regular,1.0,8.0,8.0,7.3,5.0,3.0,4.0,1
C112,40.0,Male,42560.0,Regular,6.0,12.0,8.0,13.1,4.0,3.0,172.0,0
C113,43.0,Male,58760.0,Regular,6.0,8.0,4.0,13.8,4.0,1.0,52.0,1
C114,51.0,Female,116899.0,Regular,1.0,16.0,7.0,9.4,5.0,2.0,143.0,1
C115,22.0,Male,60735.0,Regular,5.0,13.0,4.0,3.5,4.0,3.0,108.0,0
C116,28.0,Female,91040.0,Loyal,10.0,11.0,2.0,17.7,2.0,3.0,37.0,1
C117,35.0,Female,78472.0,Regular,2.0,7.0,7.0,8.0,3.0,2.0,117.0,0
C118,39.0,Female,71113.0,Regular,5.0,10.0,5.0,19.5,6.0,2.0,1.0,1
C119,38.0,Female,74832.0,Regular,5.0,10.0,4.0,12.2,6.0,2.0,114.0,0
C120,24.0,Female,71683.0,Loyal,9.0,17.0,1.0,17.2,3.0,3.0,75.0,0
C121,45.0,Male,77870.0,Regular,8.0,10.0,4.0,8.9,2.0,3.0,155.0,1
C122,28.0,Male,133081.0,Regular,5.0,10.0,4.0,10.6,,2.0,55.0,0
C123,27.0,Female,72388.0,Loyal,9.0,9.0,3.0,6.3,6.0,4.0,0.0,0
C124,41.0,Male,84829.0,Regular,5.0,4.0,6.0,11.6,3.0,1.0,126.0,0
C125,50.0,Male,123502.0,Loyal,9.0,10.0,7.0,13.8,6.0,1.0,7.0,1
C126,57.0,Male,108588.0,Loyal,11.0,13.0,4.0,7.3,4.0,7.0,24.0,1
C127,18.0,Male,133278.0,Loyal,6.0,9.0,2.0,9.6,5.0,3.0,26.0,1
C128,26.0,Female,51383.0,Regular,7.0,7.0,7.0,24.1,4.0,0.0,8.0,0
C129,44.0,Male,56585.0,Regular,2.0,12.0,5.0,13.2,8.0,1.0,169.0,1
C130,57.0,Female,116080.0,New,2.0,13.0,8.0,16.9,1.0,3.0,131.0,0
C131,23.0,Female,118656.0,Regular,1.0,11.0,6.0,15.3,4.0,2.0,143.0,0
C132,47.0,Female,104261.0,Regular,7.0,10.0,6.0,12.1,4.0,0.0,133.0,0
C133,24.0,Male,130359.0,Loyal,7.0,11.0,6.0,14.6,5.0,5.0,133.0,1
C134,60.0,Male,57278.0,Regular,1.0,11.0,3.0,12.9,8.0,1.0,20.0,1
C135,26.0,Female,68245.0,Regular,6.0,4.0,10.0,10.3,3.0,1.0,107.0,1
C136,43.0,Male,122388.0,Regular,6.0,7.0,3.0,14.1,3.0,3.0,131.0,0
C137,46.0,Female,117700.0,New,3.0,16.0,2.0,14.4,1.0,1.0,165.0,1
C138,50.0,Female,132237.0,Regular,4.0,10.0,2.0,5.4,4.0,1.0,33.0,0
C139,18.0,Male,27246.0,Regular,6.0,9.0,5.0,16.1,3.0,,8.0,1
C140,56.0,Male,148520.0,New,3.0,8.0,8.0,12.4,0.0,1.0,147.0,0
C141,41.0,Female,124224.0,Regular,4.0,9.0,6.0,11.1,5.0,4.0,108.0,0
C142,59.0,Female,147813.0,Regular,6.0,12.0,6.0,18.7,5.0,1.0,95.0,0
C143,35.0,Female,,New,3.0,12.0,3.0,10.9,2.0,1.0,34.0,0
C144,32.0,Female,126405.0,Regular,2.0,11.0,3.0,17.9,6.0,4.0,76.0,1
C145,46.0,Female,95887.0,New,3.0,16.0,9.0,1.0,2.0,1.0,94.0,0
C146,21.0,Female,55032.0,Loyal,8.0,12.0,5.0,14.2,4.0,4.0,65.0,0
C147,31.0,Male,148595.0,Regular,3.0,13.0,10.0,14.4,4.0,3.0,88.0,0
C148,38.0,Male,146560.0,Regular,5.0,6.0,5.0,11.1,3.0,2.0,154.0,0
C149,54.0,Male,42067.0,Loyal,8.0,11.0,5.0,22.2,6.0,2.0,26.0,0
C150,36.0,Female,117477.0,Regular,2.0,9.0,3.0,15.5,3.0,2.0,28.0,1
C151,19.0,Female,32080.0,Regular,6.0,17.0,7.0,15.3,5.0,2.0,172.0,0
C152,43.0,Female,61156.0,Regular,7.0,11.0,3.0,10.1,5.0,1.0,165.0,0
C153,31.0,Female,128649.0,Regular,3.0,6.0,2.0,9.5,3.0,1.0,4.0,1
C154,50.0,Male,90742.0,Regular,4.0,14.0,7.0,19.9,4.0,2.0,139.0,0
C155,29.0,Male,27285.0,Regular,6.0,11.0,7.0,12.2,5.0,1.0,25.0,1
C156,58.0,Male,68462.0,Loyal,7.0,13.0,7.0,15.5,4.0,3.0,32.0,1
C157,22.0,Female,68893.0,Regular,4.0,8.0,7.0,9.9,1.0,3.0,107.0,0
C158,54.0,Male,107913.0,Regular,5.0,12.0,3.0,18.3,3.0,0.0,100.0,0
C159,54.0,Male,81040.0,Regular,8.0,9.0,7.0,3.4,2.0,3.0,42.0,0
C160,48.0,Female,20646.0,Loyal,6.0,5.0,8.0,7.5,3.0,5.0,11.0,0
C161,51.0,Female,106827.0,Loyal,8.0,7.0,6.0,16.7,4.0,3.0,96.0,1
C162,49.0,Female,101546.0,Regular,7.0,14.0,9.0,15.7,2.0,1.0,6.0,1
C163,49.0,Male,106399.0,Regular,3.0,12.0,9.0,8.9,6.0,3.0,110.0,1
C164,45.0,Female,75633.0,Regular,2.0,14.0,5.0,14.4,6.0,1.0,150.0,0
C165,,Male,30876.0,Loyal,8.0,6.0,8.0,1.3,6.0,5.0,50.0,1
C166,24.0,Male,32821.0,Loyal,12.0,6.0,3.0,12.3,6.0,3.0,33.0,0
C167,37.0,Female,30731.0,Regular,5.0,6.0,5.0,16.2,2.0,3.0,174.0,0
C168,48.0,Female,133125.0,Regular,5.0,10.0,11.0,17.0,2.0,2.0,149.0,0
C169,56.0,Male,147285.0,Regular,7.0,9.0,8.0,19.9,0.0,0.0,127.0,0
C170,27.0,Female,82970.0,Regular,4.0,7.0,5.0,14.1,6.0,1.0,89.0,1
C171,44.0,Female,28322.0,Regular,8.0,8.0,7.0,6.4,5.0,0.0,164.0,0
C172,58.0,Male,63408.0,Regular,5.0,12.0,8.0,18.8,3.0,1.0,95.0,0
C173,31.0,Male,74306.0,Regular,7.0,6.0,3.0,12.6,2.0,4.0,64.0,0
C174,40.0,Male,142196.0,Regular,,13.0,3.0,12.6,1.0,3.0,76.0,1
C175,22.0,Male,87938.0,Loyal,5.0,6.0,3.0,13.4,5.0,4.0,6.0,1
C176,38.0,Male,63010.0,New,3.0,7.0,3.0,12.2,2.0,1.0,158.0,0
C177,31.0,Male,60243.0,Regular,6.0,10.0,4.0,14.2,6.0,1.0,46.0,0
C178,41.0,Female,85433.0,Regular,9.0,14.0,7.0,6.1,0.0,0.0,42.0,0
C179,37.0,Female,120010.0,Regular,4.0,6.0,5.0,11.7,6.0,1.0,161.0,0
C180,29.0,Female,32443.0,Regular,6.0,12.0,3.0,8.2,5.0,2.0,18.0,0
C181,36.0,Female,52751.0,Regular,5.0,17.0,6.0,21.2,4.0,2.0,89.0,1
C182,43.0,Female,135805.0,Loyal,7.0,11.0,6.0,20.5,6.0,5.0,143.0,1
C183,49.0,Male,36903.0,Regular,6.0,7.0,3.0,17.7,6.0,1.0,36.0,0
C184,20.0,Female,88503.0,Regular,5.0,10.0,6.0,15.8,2.0,4.0,58.0,0
C185,38.0,Female,132727.0,Regular,5.0,14.0,5.0,5.7,5.0,0.0,107.0,0
C186,43.0,Male,111880.0,Loyal,6.0,3.0,5.0,19.8,6.0,2.0,85.0,0
C187,45.0,Female,40951.0,Regular,5.0,10.0,9.0,4.8,6.0,1.0,153.0,0
C188,48.0,Female,112880.0,Regular,4.0,8.0,3.0,8.2,7.0,1.0,79.0,0
C189,31.0,Male,109138.0,Regular,0.0,7.0,7.0,20.7,6.0,1.0,40.0,0
C190,35.0,Male,44928.0,Regular,2.0,8.0,7.0,3.3,5.0,3.0,175.0,1
C191,57.0,Female,119802.0,,2.0,5.0,6.0,9.5,5.0,1.0,107.0,0
C192,31.0,Male,124885.0,Regular,4.0,8.0,5.0,17.0,3.0,0.0,138.0,1
C193,26.0,Male,138247.0,Regular,4.0,9.0,5.0,7.5,2.0,3.0,6.0,1
C194,57.0,Female,35814.0,Regular,3.0,9.0,10.0,23.3,5.0,2.0,43.0,0
C195,38.0,Female,138598.0,Loyal,14.0,10.0,5.0,10.6,3.0,2.0,70.0,0
C196,33.0,Female,77989.0,Regular,4.0,10.0,5.0,15.5,3.0,4.0,100.0,0
C197,18.0,Female,144622.0,Regular,4.0,10.0,3.0,12.6,3.0,2.0,143.0,0
C198,54.0,Female,69204.0,Loyal,9.0,9.0,6.0,9.4,5.0,2.0,77.0,1
C199,57.0,Male,75563.0,Regular,6.0,6.0,5.0,15.5,1.0,2.0,91.0,0
C200,33.0,Female,113619.0,Regular,9.0,13.0,13.0,16.8,3.0,1.0,94.0,1
C201,57.0,Female,39347.0,Regular,3.0,14.0,7.0,12.4,4.0,2.0,173.0,0
C202,29.0,Male,91174.0,Regular,0.0,8.0,7.0,2.8,8.0,3.0,133.0,0
C203,32.0,Female,112088.0,Loyal,9.0,11.0,5.0,15.4,4.0,1.0,80.0,0
C204,40.0,Female,34897.0,Loyal,11.0,6.0,7.0,15.0,1.0,7.0,164.0,0
C205,32.0,Female,41072.0,Regular,4.0,11.0,7.0,12.0,3.0,3.0,111.0,0
C206,39.0,Male,45891.0,Regular,5.0,8.0,5.0,9.9,2.0,3.0,163.0,0
C207,27.0,Female,44540.0,New,1.0,7.0,5.0,16.4,2.0,1.0,136.0,0
C208,53.0,Female,79742.0,Regular,6.0,5.0,5.0,9.8,3.0,0.0,19.0,0
C209,37.0,Female,110745.0,Regular,2.0,12.0,6.0,11.3,6.0,2.0,0.0,0
C210,58.0,Female,67052.0,Regular,6.0,13.0,7.0,1.4,4.0,1.0,15.0,1
C211,48.0,Male,101294.0,Regular,3.0,11.0,10.0,10.2,4.0,0.0,37.0,0
C212,52.0,,106853.0,Regular,3.0,9.0,3.0,6.0,5.0,3.0,7.0,1
C213,43.0,Male,99011.0,Regular,5.0,7.0,3.0,6.7,2.0,0.0,20.0,0
C214,30.0,Female,68981.0,Regular,5.0,16.0,4.0,10.4,2.0,2.0,19.0,1
C215,47.0,Female,129953.0,Regular,3.0,6.0,3.0,9.4,4.0,2.0,43.0,0
C216,39.0,Male,111988.0,Regular,2.0,15.0,5.0,12.7,8.0,2.0,123.0,0
C217,35.0,Male,115957.0,Regular,5.0,9.0,9.0,3.4,5.0,1.0,13.0,1
C218,26.0,Male,48384.0,Regular,7.0,16.0,4.0,11.3,2.0,1.0,26.0,0
C219,33.0,Male,81445.0,Loyal,6.0,13.0,6.0,13.8,6.0,2.0,172.0,1
C220,43.0,Male,26393.0,Regular,4.0,7.0,6.0,13.0,3.0,3.0,85.0,0
C221,37.0,Male,44575.0,Loyal,6.0,7.0,5.0,19.4,8.0,2.0,130.0,1
C222,54.0,Male,33983.0,Regular,3.0,8.0,6.0,20.7,7.0,2.0,56.0,0
C223,45.0,Male,46624.0,Regular,3.0,8.0,7.0,15.2,4.0,2.0,143.0,0
C224,31.0,Female,105030.0,Loyal,8.0,4.0,8.0,10.7,6.0,0.0,96.0,0
C225,53.0,Male,144794.0,Regular,6.0,3.0,4.0,17.5,5.0,2.0,37.0,1
C226,32.0,Female,98241.0,Regular,6.0,10.0,5.0,7.6,3.0,4.0,45.0,1
C227,44.0,Female,56730.0,Loyal,6.0,,7.0,5.5,7.0,2.0,133.0,0
C228,27.0,Male,96511.0,Regular,7.0,8.0,8.0,9.8,3.0,2.0,3.0,1
C229,40.0,Female,31072.0,Regular,5.0,14.0,4.0,10.1,4.0,2.0,163.0,1
C230,47.0,Female,79407.0,Regular,3.0,7.0,6.0,17.9,2.0,2.0,34.0,0
C231,49.0,Female,133300.0,Regular,6.0,9.0,5.0,9.6,4.0,1.0,31.0,0
C232,45.0,Male,140041.0,Regular,6.0,3.0,8.0,12.4,1.0,4.0,88.0,0
C233,27.0,Male,118911.0,New,1.0,14.0,11.0,7.9,2.0,1.0,180.0,1
C234,59.0,Male,46274.0,Loyal,7.0,15.0,8.0,15.8,7.0,3.0,104.0,1
C235,19.0,Male,100276.0,Regular,4.0,15.0,4.0,17.1,2.0,2.0,155.0,0
C236,19.0,Female,126783.0,Regular,5.0,12.0,6.0,1.3,1.0,1.0,14.0,1
C237,24.0,Female,113582.0,Regular,4.0,12.0,2.0,5.9,4.0,4.0,75.0,0
C238,24.0,Male,25971.0,Regular,6.0,14.0,8.0,16.3,5.0,2.0,53.0,1
C239,27.0,Female,44631.0,Loyal,8.0,7.0,4.0,21.9,4.0,2.0,99.0,0
C240,22.0,Male,40266.0,Regular,2.0,5.0,4.0,17.8,1.0,4.0,51.0,0
C241,60.0,Female,59037.0,Regular,2.0,9.0,7.0,14.1,4.0,3.0,94.0,0
C242,39.0,Male,72573.0,Loyal,10.0,9.0,5.0,7.0,6.0,1.0,109.0,0
C243,30.0,Female,28693.0,Regular,6.0,9.0,4.0,4.5,2.0,1.0,32.0,0
C244,55.0,Male,54940.0,Regular,4.0,9.0,8.0,16.4,5.0,2.0,63.0,0
C245,25.0,Male,66954.0,Regular,4.0,11.0,8.0,4.9,2.0,1.0,84.0,0
C246,34.0,Female,33121.0,Loyal,6.0,13.0,4.0,10.2,6.0,2.0,90.0,0
C247,28.0,Female,41409.0,Regular,5.0,10.0,2.0,13.0,5.0,1.0,75.0,0
C248,43.0,Male,98714.0,Regular,3.0,10.0,3.0,10.4,5.0,1.0,90.0,0
C249,48.0,Male,133862.0,Regular,2.0,4.0,5.0,9.7,7.0,0.0,147.0,0
C250,57.0,Male,89353.0,Loyal,8.0,12.0,9.0,1.3,6.0,5.0,88.0,1
C251,50.0,Male,99276.0,Regular,3.0,11.0,5.0,14.3,3.0,4.0,34.0,0
C252,23.0,Male,93766.0,Regular,5.0,10.0,,8.1,7.0,0.0,101.0,1
C253,23.0,Male,30057.0,Regular,3.0,12.0,5.0,14.5,5.0,3.0,157.0,0
C254,27.0,Male,44149.0,Regular,4.0,12.0,1.0,13.5,3.0,1.0,143.0,0
C255,45.0,Female,73258.0,Loyal,10.0,6.0,7.0,9.1,2.0,3.0,125.0,0
C256,18.0,Female,51018.0,Loyal,7.0,14.0,4.0,10.4,7.0,2.0,139.0,0
C257,50.0,Female,134234.0,Loyal,6.0,9.0,2.0,15.8,9.0,5.0,170.0,1
C258,37.0,Male,59430.0,Regular,2.0,9.0,8.0,12.5,5.0,4.0,33.0,1
C259,58.0,Female,107178.0,Regular,2.0,13.0,6.0,13.4,3.0,2.0,121.0,1
C260,42.0,Male,37111.0,Regular,10.0,13.0,6.0,9.5,0.0,2.0,87.0,0
C261,52.0,Female,24321.0,Regular,3.0,8.0,7.0,6.7,6.0,2.0,50.0,1
C262,22.0,Female,69834.0,Regular,3.0,10.0,4.0,9.1,3.0,3.0,112.0,0
C263,45.0,Female,46116.0,Regular,5.0,8.0,6.0,10.5,4.0,1.0,95.0,0
C264,31.0,Male,128670.0,Loyal,3.0,13.0,7.0,9.1,8.0,6.0,89.0,1
C265,40.0,Male,143398.0,Regular,5.0,13.0,6.0,5.5,3.0,1.0,150.0,0
C266,35.0,Female,140035.0,Regular,2.0,5.0,3.0,10.5,5.0,6.0,61.0,0
C267,20.0,Male,30683.0,Regular,3.0,13.0,6.0,14.2,5.0,0.0,111.0,0
C268,47.0,Female,26645.0,Regular,4.0,11.0,4.0,9.0,5.0,2.0,80.0,0
C269,28.0,Female,119204.0,Loyal,9.0,13.0,5.0,8.9,3.0,5.0,125.0,0
C270,51.0,Female,125573.0,Regular,4.0,10.0,6.0,2.8,4.0,4.0,61.0,0
C271,47.0,Female,30253.0,Regular,6.0,11.0,6.0,18.0,4.0,2.0,39.0,1
C272,36.0,Male,43435.0,Regular,5.0,7.0,3.0,2.1,4.0,2.0,43.0,0
C273,56.0,Male,69964.0,Regular,3.0,12.0,5.0,18.6,4.0,4.0,79.0,1
C274,18.0,Male,129010.0,Regular,2.0,5.0,3.0,11.3,4.0,2.0,32.0,0
C275,45.0,Male,22394.0,Regular,4.0,15.0,6.0,10.0,3.0,1.0,37.0,0
C276,39.0,Male,23809.0,New,2.0,7.0,9.0,13.2,2.0,1.0,76.0,0
C277,60.0,Female,148934.0,Regular,6.0,7.0,5.0,17.0,3.0,1.0,27.0,1
C278,59.0,Male,70453.0,Regular,5.0,12.0,10.0,13.3,4.0,2.0,92.0,0
C279,35.0,Female,31124.0,Regular,2.0,7.0,7.0,7.0,5.0,0.0,144.0,0
C280,37.0,Male,110002.0,Loyal,7.0,9.0,6.0,12.1,6.0,1.0,156.0,0
C281,60.0,Female,134815.0,Loyal,5.0,4.0,5.0,15.6,7.0,3.0,33.0,1
C282,23.0,Male,94065.0,New,4.0,9.0,7.0,15.0,2.0,0.0,141.0,0
C283,37.0,Male,133171.0,Regular,7.0,15.0,8.0,10.9,5.0,1.0,161.0,0
C284,42.0,Female,110606.0,Regular,7.0,11.0,6.0,16.2,3.0,3.0,24.0,0
C285,44.0,Male,96352.0,Regular,2.0,11.0,4.0,17.2,5.0,2.0,24.0,0
C286,57.0,Female,22339.0,Loyal,7.0,11.0,17.0,18.8,7.0,1.0,110.0,0
C287,60.0,Male,111582.0,New,1.0,10.0,6.0,13.8,2.0,1.0,106.0,0
C288,19.0,Female,98900.0,Regular,4.0,11.0,7.0,,2.0,5.0,4.0,0
C289,40.0,Male,58108.0,Loyal,8.0,5.0,7.0,16.4,8.0,1.0,1.0,0
C290,47.0,Female,46381.0,Regular,6.0,10.0,3.0,13.1,1.0,2.0,3.0,0
C291,19.0,Male,88388.0,Loyal,9.0,13.0,5.0,13.6,5.0,0.0,99.0,0
C292,42.0,Male,55529.0,Loyal,10.0,6.0,7.0,10.3,9.0,2.0,19.0,1
C293,27.0,Female,109057.0,Regular,5.0,6.0,9.0,16.2,4.0,3.0,89.0,0
C294,24.0,Female,35001.0,Regular,2.0,10.0,4.0,11.1,2.0,3.0,61.0,0
C295,47.0,Female,79033.0,Regular,7.0,10.0,8.0,17.0,3.0,2.0,94.0,1
C296,58.0,Female,29182.0,Regular,3.0,10.0,9.0,12.9,5.0,1.0,0.0,0
C297,45.0,Female,55552.0,Loyal,8.0,10.0,7.0,10.8,6.0,1.0,50.0,1
C298,21.0,Male,98803.0,Regular,5.0,8.0,5.0,10.3,2.0,2.0,41.0,1
C299,39.0,Male,,Loyal,9.0,7.0,6.0,24.7,2.0,4.0,103.0,0
C300,18.0,Male,128403.0,Loyal,4.0,10.0,9.0,11.2,10.0,1.0,157.0,0
C301,48.0,Male,135480.0,Regular,4.0,8.0,7.0,8.3,3.0,2.0,58.0,0
C302,23.0,Female,61911.0,Regular,6.0,14.0,9.0,18.7,2.0,0.0,95.0,0
C303,44.0,Female,79518.0,New,2.0,10.0,4.0,11.3,1.0,1.0,93.0,0
C304,43.0,Female,96341.0,Regular,2.0,5.0,7.0,8.1,4.0,4.0,161.0,1
C305,55.0,Male,84923.0,Regular,4.0,10.0,6.0,10.5,5.0,2.0,58.0,1
C306,28.0,Female,44091.0,Regular,5.0,5.0,4.0,9.9,5.0,1.0,135.0,0
C307,55.0,Male,97486.0,Regular,7.0,10.0,4.0,5.9,2.0,1.0,146.0,0
C308,51.0,Male,38668.0,Loyal,5.0,6.0,9.0,12.0,6.0,3.0,110.0,0
C309,53.0,Female,121493.0,Regular,5.0,8.0,3.0,14.3,2.0,3.0,104.0,0
C310,41.0,Male,29790.0,Regular,6.0,7.0,3.0,1.0,5.0,2.0,51.0,0
C311,18.0,Male,68137.0,Regular,5.0,11.0,9.0,10.8,7.0,1.0,45.0,1
C312,34.0,Female,32245.0,Loyal,8.0,10.0,7.0,17.7,8.0,3.0,11.0,1
C313,50.0,Male,60746.0,Regular,3.0,8.0,10.0,18.6,5.0,3.0,160.0,0
C314,52.0,Female,41278.0,New,2.0,6.0,7.0,8.6,2.0,2.0,78.0,0
C315,29.0,Female,100358.0,Regular,7.0,10.0,7.0,17.3,1.0,2.0,158.0,1
C316,38.0,Male,23123.0,Regular,5.0,9.0,8.0,10.2,6.0,1.0,41.0,1
C317,35.0,Male,95043.0,Regular,2.0,14.0,9.0,13.3,5.0,1.0,134.0,1
C318,28.0,Female,139871.0,Regular,4.0,12.0,1.0,15.3,4.0,2.0,125.0,0
C319,39.0,Female,39310.0,Regular,5.0,11.0,6.0,8.6,7.0,1.0,5.0,0
C320,34.0,Male,69041.0,Regular,6.0,16.0,4.0,15.5,6.0,0.0,103.0,0
C321,23.0,Female,146965.0,Regular,4.0,14.0,4.0,7.2,3.0,1.0,61.0,0
C322,18.0,Male,127384.0,Loyal,5.0,6.0,10.0,18.5,8.0,3.0,121.0,0
C323,28.0,Male,65374.0,Loyal,4.0,4.0,9.0,22.3,9.0,1.0,165.0,0
C324,30.0,Male,45093.0,New,1.0,11.0,3.0,19.1,1.0,2.0,65.0,0
C325,49.0,Male,90967.0,Regular,7.0,12.0,9.0,12.8,2.0,3.0,6.0,1
C326,26.0,Male,42439.0,Loyal,5.0,6.0,3.0,12.1,6.0,4.0,177.0,1
C327,41.0,Male,51451.0,Regular,4.0,12.0,5.0,14.1,3.0,5.0,138.0,1
C328,18.0,Male,119937.0,Regular,4.0,12.0,6.0,12.1,5.0,3.0,122.0,0
C329,21.0,Male,109523.0,Loyal,5.0,8.0,3.0,15.9,9.0,2.0,114.0,0
C330,40.0,Male,120021.0,Regular,6.0,14.0,1.0,10.7,3.0,1.0,78.0,0
C331,46.0,Male,26112.0,Regular,5.0,8.0,4.0,3.3,2.0,0.0,155.0,0
C332,24.0,Male,84569.0,Loyal,9.0,13.0,4.0,10.6,5.0,2.0,127.0,0
C333,54.0,Female,31336.0,Regular,6.0,9.0,5.0,17.1,2.0,5.0,176.0,0
C334,31.0,Male,134259.0,Regular,4.0,10.0,4.0,8.7,5.0,0.0,97.0,0
C335,58.0,Male,59900.0,Regular,7.0,9.0,5.0,8.7,0.0,0.0,178.0,0
C336,42.0,Female,68934.0,Regular,5.0,10.0,9.0,5.0,2.0,0.0,88.0,0
C337,53.0,Male,141701.0,Regular,3.0,8.0,6.0,6.4,1.0,3.0,166.0,1
C338,31.0,Male,100253.0,Loyal,9.0,7.0,7.0,10.3,7.0,3.0,120.0,0
C339,21.0,Male,32189.0,Regular,5.0,9.0,10.0,21.7,0.0,2.0,94.0,0
C340,53.0,Male,121259.0,Regular,7.0,10.0,5.0,12.4,2.0,1.0,147.0,0
C341,57.0,Male,30059.0,Loyal,9.0,11.0,5.0,3.1,7.0,1.0,160.0,0
C342,41.0,Male,114881.0,Regular,6.0,5.0,6.0,10.6,4.0,3.0,157.0,0
C343,59.0,Female,79510.0,Regular,6.0,8.0,3.0,13.6,1.0,1.0,93.0,0
C344,43.0,Male,80733.0,Regular,4.0,10.0,10.0,16.1,2.0,2.0,82.0,0
C345,22.0,Female,75223.0,Regular,,11.0,12.0,10.5,2.0,1.0,18.0,0
C346,49.0,Male,54823.0,Regular,6.0,10.0,4.0,11.0,1.0,3.0,79.0,1
C347,60.0,Male,71591.0,Loyal,5.0,12.0,7.0,18.2,7.0,3.0,145.0,0
C348,60.0,Female,142783.0,Regular,7.0,9.0,9.0,10.3,3.0,3.0,37.0,0
C349,30.0,Male,37628.0,Loyal,11.0,8.0,6.0,15.0,4.0,0.0,106.0,0
C350,49.0,Female,149429.0,Regular,3.0,15.0,4.0,10.6,2.0,2.0,61.0,1
C351,42.0,Female,101113.0,Regular,4.0,6.0,9.0,16.7,3.0,2.0,28.0,0
C352,54.0,Female,39583.0,Loyal,13.0,10.0,8.0,14.5,6.0,1.0,53.0,0
C353,30.0,Male,29250.0,Loyal,8.0,12.0,4.0,12.4,5.0,2.0,179.0,0
C354,42.0,Female,96575.0,Regular,3.0,11.0,2.0,9.8,3.0,2.0,134.0,0
C355,31.0,Male,39608.0,Loyal,7.0,17.0,9.0,10.9,6.0,1.0,81.0,1
C356,24.0,Male,54450.0,New,3.0,8.0,12.0,8.6,2.0,1.0,173.0,0
C357,36.0,Female,122011.0,Regular,6.0,6.0,6.0,8.8,,0.0,104.0,0
C358,36.0,Male,124982.0,Regular,7.0,9.0,6.0,9.6,2.0,4.0,88.0,0
C359,58.0,Male,95758.0,Loyal,8.0,13.0,8.0,5.1,8.0,1.0,174.0,0
C360,22.0,Male,80688.0,Regular,6.0,12.0,6.0,19.3,3.0,2.0,8.0,1
C361,60.0,Female,25831.0,Regular,5.0,19.0,6.0,15.1,6.0,1.0,100.0,0
C362,48.0,Male,51827.0,Regular,9.0,4.0,10.0,13.6,3.0,1.0,94.0,0
C363,23.0,Female,126388.0,Regular,5.0,4.0,6.0,15.3,3.0,2.0,121.0,0
C364,53.0,Female,70700.0,Regular,8.0,8.0,6.0,11.0,0.0,1.0,48.0,0
C365,47.0,Female,91207.0,Regular,5.0,10.0,3.0,19.4,5.0,1.0,12.0,1
C366,37.0,Male,138221.0,Regular,5.0,19.0,4.0,18.3,2.0,1.0,111.0,1
C367,56.0,Female,132036.0,Regular,8.0,9.0,4.0,7.4,3.0,2.0,4.0,0
C368,42.0,Male,120475.0,Loyal,8.0,12.0,8.0,18.8,2.0,4.0,57.0,0
C369,53.0,Female,30582.0,Regular,5.0,6.0,4.0,14.0,2.0,1.0,141.0,0
C370,40.0,Female,86397.0,Loyal,8.0,11.0,7.0,4.7,7.0,0.0,98.0,1
C371,30.0,Female,130740.0,Loyal,7.0,8.0,5.0,11.4,6.0,7.0,91.0,1
C372,29.0,Male,140274.0,New,4.0,10.0,6.0,8.9,1.0,0.0,68.0,0
C373,51.0,Male,81550.0,Regular,4.0,7.0,8.0,8.9,3.0,1.0,4.0,0
C374,28.0,Female,56472.0,Regular,6.0,12.0,3.0,12.0,2.0,2.0,32.0,0
C375,33.0,Female,29819.0,Regular,4.0,16.0,5.0,9.2,5.0,1.0,104.0,1
C376,42.0,Female,135892.0,Loyal,9.0,18.0,7.0,11.2,5.0,5.0,165.0,0
C377,48.0,,93705.0,New,2.0,11.0,6.0,11.1,4.0,0.0,55.0,1
C378,27.0,Male,140035.0,Loyal,9.0,12.0,2.0,11.6,4.0,1.0,38.0,1
C379,59.0,Female,104557.0,Regular,5.0,8.0,5.0,16.3,4.0,3.0,102.0,0
C380,21.0,Female,63613.0,Regular,4.0,12.0,5.0,16.4,2.0,2.0,166.0,1
C381,24.0,Male,24337.0,Regular,6.0,11.0,6.0,7.2,4.0,1.0,62.0,0
C382,26.0,Male,42438.0,Regular,3.0,12.0,9.0,9.9,3.0,1.0,63.0,0
C383,44.0,Female,64982.0,Regular,6.0,12.0,2.0,6.9,4.0,2.0,89.0,0
C384,18.0,Female,69813.0,Regular,3.0,8.0,5.0,14.0,1.0,3.0,67.0,0
C385,56.0,Female,125463.0,Regular,6.0,6.0,7.0,25.7,3.0,0.0,29.0,0
C386,52.0,Male,66647.0,Regular,5.0,10.0,3.0,9.8,3.0,2.0,70.0,1
C387,22.0,Male,104297.0,Regular,3.0,16.0,3.0,5.4,6.0,2.0,61.0,1
C388,34.0,Male,128746.0,Regular,8.0,12.0,7.0,16.0,2.0,0.0,136.0,0
C389,52.0,Female,135721.0,New,3.0,13.0,7.0,9.6,1.0,0.0,68.0,0
C390,38.0,Female,85963.0,Regular,6.0,10.0,6.0,14.8,3.0,0.0,115.0,0
C391,39.0,Male,128495.0,Regular,5.0,12.0,4.0,14.3,4.0,2.0,31.0,1
C392,18.0,Male,51799.0,Regular,7.0,6.0,7.0,4.5,3.0,0.0,62.0,0
C393,30.0,Male,103748.0,Regular,4.0,9.0,3.0,15.3,4.0,2.0,5.0,1
C394,25.0,Male,137341.0,Regular,1.0,11.0,11.0,9.2,5.0,4.0,129.0,1
C395,39.0,Female,94743.0,Regular,4.0,6.0,7.0,11.1,5.0,3.0,97.0,0
C396,21.0,Male,21133.0,Regular,3.0,9.0,3.0,4.6,2.0,3.0,75.0,0
C397,60.0,Female,146874.0,Regular,2.0,15.0,11.0,15.9,7.0,3.0,101.0,1
C398,30.0,Female,130250.0,Regular,5.0,8.0,,16.0,3.0,2.0,56.0,0
C399,35.0,Male,75763.0,Loyal,4.0,5.0,11.0,12.5,9.0,4.0,93.0,1
C400,55.0,Female,90769.0,New,2.0,10.0,14.0,11.9,1.0,1.0,165.0,1
C401,22.0,Female,45286.0,Loyal,6.0,6.0,7.0,10.8,8.0,2.0,76.0,1
C402,57.0,Male,118553.0,Regular,6.0,18.0,6.0,8.5,2.0,3.0,12.0,0
C403,27.0,Female,58539.0,New,1.0,10.0,2.0,12.3,4.0,1.0,173.0,0
C404,36.0,Female,100754.0,Loyal,9.0,11.0,6.0,12.5,7.0,2.0,5.0,1
C405,28.0,Female,64526.0,Loyal,9.0,11.0,14.0,15.9,6.0,6.0,133.0,1
C406,21.0,Female,103966.0,Regular,3.0,10.0,7.0,10.4,3.0,7.0,94.0,1
C407,38.0,Male,148398.0,Loyal,8.0,6.0,1.0,13.5,8.0,1.0,16.0,0
C408,25.0,Female,54830.0,Regular,6.0,13.0,4.0,14.8,4.0,2.0,31.0,0
C409,50.0,Male,36920.0,Regular,4.0,6.0,5.0,11.4,3.0,3.0,37.0,1
C410,55.0,Female,118154.0,Regular,5.0,13.0,8.0,5.3,6.0,1.0,157.0,0
C411,45.0,Male,38852.0,Loyal,8.0,12.0,6.0,15.5,5.0,2.0,81.0,0
C412,55.0,Male,32998.0,Loyal,10.0,10.0,3.0,13.1,2.0,3.0,27.0,0
C413,45.0,Female,119300.0,Regular,7.0,12.0,5.0,12.0,0.0,0.0,24.0,0
C414,35.0,Male,56531.0,Regular,3.0,14.0,3.0,10.1,6.0,2.0,115.0,0
C415,18.0,Male,60856.0,Loyal,8.0,15.0,6.0,7.9,4.0,2.0,158.0,0
C416,19.0,Female,138123.0,Regular,7.0,9.0,9.0,10.4,2.0,1.0,143.0,0
C417,44.0,Female,102832.0,Regular,6.0,9.0,5.0,14.6,2.0,3.0,168.0,1
C418,35.0,Male,141595.0,Loyal,4.0,17.0,4.0,5.8,5.0,5.0,95.0,1
C419,33.0,Female,93399.0,Regular,4.0,8.0,6.0,13.5,5.0,2.0,134.0,0
C420,27.0,Male,112458.0,Regular,7.0,6.0,7.0,5.4,0.0,2.0,100.0,0
C421,41.0,Female,54427.0,Regular,5.0,9.0,12.0,7.6,4.0,1.0,43.0,0
C422,50.0,Female,107679.0,,5.0,9.0,3.0,11.4,5.0,4.0,13.0,1
C423,27.0,Female,123178.0,Regular,3.0,11.0,7.0,7.3,3.0,4.0,163.0,0
C424,51.0,Female,100943.0,Regular,2.0,7.0,6.0,2.1,4.0,4.0,160.0,0
C425,29.0,Male,28224.0,New,1.0,15.0,8.0,5.8,2.0,3.0,13.0,1
C426,48.0,Female,39492.0,Regular,4.0,9.0,4.0,2.5,3.0,1.0,156.0,0
C427,45.0,Male,115686.0,Loyal,5.0,12.0,4.0,19.8,7.0,3.0,76.0,1
C428,45.0,Male,58663.0,Regular,3.0,6.0,2.0,11.3,4.0,2.0,21.0,1
C429,56.0,Male,92280.0,Regular,2.0,6.0,5.0,6.7,6.0,1.0,57.0,0
C430,52.0,Male,69752.0,Regular,6.0,6.0,7.0,12.8,4.0,0.0,136.0,0
C431,21.0,Male,81881.0,Loyal,6.0,16.0,9.0,9.7,6.0,4.0,19.0,1
C432,59.0,Male,118282.0,Regular,4.0,12.0,7.0,2.6,4.0,3.0,132.0,1
C433,55.0,Female,64456.0,Regular,5.0,6.0,3.0,11.3,5.0,2.0,93.0,0
C434,26.0,Female,27360.0,Regular,7.0,9.0,5.0,11.4,3.0,1.0,,0
C435,52.0,Female,33101.0,Regular,5.0,13.0,4.0,18.9,6.0,2.0,0.0,0
C436,40.0,Female,141707.0,Regular,2.0,17.0,12.0,7.5,6.0,4.0,158.0,0
C437,50.0,Female,67726.0,Regular,3.0,11.0,5.0,7.9,4.0,2.0,38.0,0
C438,38.0,Female,32297.0,Regular,5.0,12.0,1.0,8.0,5.0,2.0,50.0,0
C439,28.0,Female,52227.0,Regular,2.0,11.0,5.0,13.6,7.0,2.0,144.0,1
C440,23.0,Female,133551.0,Regular,10.0,11.0,6.0,17.9,2.0,0.0,56.0,1
C441,40.0,Female,36628.0,Regular,3.0,8.0,5.0,17.6,4.0,1.0,125.0,0
C442,48.0,Female,90302.0,Regular,4.0,11.0,6.0,5.1,4.0,1.0,29.0,0
C443,55.0,Male,51529.0,Regular,5.0,6.0,3.0,16.1,2.0,1.0,128.0,0
C444,32.0,Female,23799.0,Regular,5.0,15.0,4.0,8.4,5.0,2.0,91.0,0
C445,57.0,Female,148376.0,Regular,6.0,11.0,6.0,19.8,2.0,2.0,170.0,0
C446,58.0,Male,135962.0,Loyal,9.0,10.0,6.0,17.8,4.0,2.0,154.0,0
C447,33.0,Male,63053.0,Regular,9.0,10.0,5.0,10.7,1.0,0.0,155.0,0
C448,51.0,Female,53468.0,Regular,2.0,13.0,8.0,8.2,8.0,2.0,13.0,0
C449,53.0,Female,70320.0,New,1.0,12.0,3.0,12.9,2.0,0.0,116.0,0
C450,26.0,Female,84664.0,Regular,7.0,14.0,4.0,10.8,4.0,2.0,144.0,1
C451,45.0,Female,87126.0,Regular,5.0,13.0,6.0,7.8,6.0,1.0,124.0,0
C452,22.0,Female,49371.0,Regular,4.0,9.0,3.0,8.1,1.0,5.0,172.0,0
C453,50.0,Female,83260.0,Regular,4.0,16.0,1.0,13.0,3.0,3.0,33.0,0
C454,33.0,Male,78629.0,Regular,6.0,8.0,7.0,12.8,5.0,2.0,146.0,0
C455,47.0,Male,56809.0,Loyal,7.0,7.0,3.0,10.5,8.0,3.0,64.0,1
C456,32.0,Female,59285.0,Loyal,8.0,,4.0,11.9,2.0,4.0,32.0,0
C457,60.0,Male,86391.0,Regular,6.0,11.0,7.0,8.5,5.0,2.0,161.0,0
C458,21.0,Male,40577.0,Regular,5.0,8.0,8.0,4.6,6.0,2.0,14.0,0
C459,55.0,Female,80039.0,Loyal,8.0,5.0,3.0,11.4,4.0,5.0,177.0,0
C460,34.0,Female,58093.0,Regular,5.0,9.0,5.0,11.1,2.0,2.0,168.0,0
C461,40.0,Male,73029.0,Loyal,9.0,8.0,2.0,12.1,4.0,2.0,12.0,1
C462,35.0,Male,122639.0,Regular,3.0,12.0,7.0,4.0,5.0,2.0,162.0,0
C463,41.0,Male,132399.0,New,3.0,11.0,4.0,21.1,2.0,1.0,81.0,0
C464,53.0,Male,39478.0,Regular,5.0,6.0,7.0,13.6,4.0,2.0,110.0,0
C465,27.0,Female,105110.0,Regular,9.0,13.0,5.0,10.3,1.0,0.0,44.0,1
C466,49.0,Female,61633.0,Regular,5.0,8.0,4.0,12.4,4.0,1.0,41.0,0
C467,54.0,Female,108909.0,Regular,5.0,18.0,7.0,20.8,6.0,1.0,172.0,0
C468,27.0,Female,113302.0,Regular,5.0,11.0,6.0,5.3,2.0,3.0,45.0,0
C469,19.0,Male,28232.0,Regular,3.0,8.0,7.0,,7.0,3.0,41.0,0
C470,36.0,Male,95857.0,Loyal,10.0,18.0,6.0,20.9,6.0,5.0,149.0,1
C471,26.0,Female,104933.0,Regular,6.0,9.0,8.0,13.9,5.0,2.0,156.0,0
C472,58.0,Male,75316.0,Regular,2.0,6.0,6.0,18.2,5.0,1.0,83.0,0
C473,32.0,Male,57882.0,Regular,2.0,18.0,6.0,14.3,5.0,3.0,179.0,1
C474,43.0,Female,149904.0,New,2.0,10.0,4.0,17.7,3.0,0.0,142.0,0
C475,29.0,Female,135608.0,Loyal,5.0,6.0,10.0,11.0,8.0,4.0,130.0,1
C476,50.0,Female,90895.0,Regular,4.0,9.0,7.0,16.9,4.0,2.0,180.0,1
C477,20.0,Male,118371.0,Regular,6.0,11.0,6.0,13.6,4.0,0.0,53.0,1
C478,60.0,Female,127472.0,Regular,6.0,10.0,6.0,14.9,4.0,2.0,81.0,1
C479,30.0,Female,85394.0,Regular,5.0,12.0,3.0,13.4,2.0,2.0,35.0,1
C480,24.0,Male,80896.0,Loyal,6.0,8.0,4.0,15.1,6.0,2.0,35.0,0
C481,56.0,Male,118794.0,Regular,1.0,8.0,7.0,15.6,5.0,4.0,0.0,1
C482,44.0,Male,58279.0,Loyal,4.0,13.0,11.0,10.4,8.0,2.0,37.0,1
C483,59.0,Female,73207.0,Regular,6.0,9.0,3.0,20.0,5.0,2.0,82.0,0
C484,35.0,Female,88794.0,Loyal,6.0,11.0,3.0,13.8,6.0,2.0,157.0,0
C485,28.0,Male,131959.0,Loyal,8.0,5.0,5.0,18.3,6.0,0.0,44.0,1
C486,42.0,Female,144073.0,New,5.0,11.0,3.0,9.8,0.0,0.0,40.0,0
C487,35.0,Male,109459.0,Loyal,6.0,8.0,7.0,9.2,5.0,3.0,36.0,1
C001,19.0,Female,112737.0,Regular,2.0,4.0,6.0,14.1,4.0,5.0,66.0,0
C002,24.0,Male,45636.0,Regular,3.0,12.0,9.0,17.0,2.0,2.0,56.0,0
C003,44.0,Male,84833.0,Regular,2.0,12.0,4.0,15.7,5.0,2.0,173.0,0
C004,31.0,Male,138787.0,Regular,6.0,12.0,6.0,16.7,3.0,1.0,52.0,1
C005,31.0,Male,38301.0,Loyal,7.0,7.0,6.0,16.5,5.0,2.0,64.0,0
C006,,Male,72979.0,Regular,5.0,9.0,7.0,23.5,3.0,1.0,165.0,0
C007,46.0,Male,68643.0,Loyal,7.0,12.0,9.0,10.7,7.0,2.0,175.0,0
C008,23.0,Male,74380.0,Loyal,10.0,9.0,5.0,4.5,2.0,2.0,27.0,1
C009,30.0,Male,20329.0,Loyal,10.0,8.0,7.0,8.9,6.0,1.0,148.0,1
C010,46.0,Male,112028.0,Regular,3.0,6.0,5.0,11.9,4.0,0.0,54.0,0
C011,20.0,Female,88159.0,Loyal,10.0,12.0,9.0,10.6,3.0,5.0,143.0,0
C012,31.0,Female,58341.0,Loyal,5.0,17.0,5.0,19.1,5.0,4.0,162.0,0
C013,45.0,Female,143457.0,Regular,6.0,10.0,4.0,11.7,3.0,2.0,135.0,0
